"id_object","object_type","object_subtype","inventory_number","provenience_detail","provenance_detail","id_dating","pharaonic_ruler","id_provenience","place","archaeological_site","archaeological_context","id_location","place","country","lat","lon","current_or_former_provenances","tomb_owner_title_ids","tomb_owner_titles_unicode"
661,"architectural unit","tomb","352/Bub, Bub. I.1","Discovered by the French Ministry of Foreign Affairs and Centre National de la Recherche Scientifique under the direction of A.-P. Zivie (1993); W.M.F. Petrie, 1880s",,8,"Amenhotep III–Amenhotep IV/ Akhenaten",52,"Saqqara","Falaise du Bubasteion","Tomb of Aperia",149,"Tomb of Aperia (352/Bub)","Egypt","N 29°52""23.01'","E 31°13""27.94'",,"10; 304; 391; 441; 461; 742; 900","bꜣk tp.j n Jtn; ẖrd n kꜣp; jm.j-rʾ nʾ.t; jm.j-rʾ ssm.wt; jt.j nṯr; mnꜥ.j n ms.w nsw; ṯꜣ.tj"
877,"small finds","jewellery & amulets","JE 99122","Discovered by the French Ministry of Foreign Affairs and Centre National de la Recherche Scientifique under the direction of A.-P. Zivie (2003)",,8,"Amenhotep III–Amenhotep IV/ Akhenaten",52,"Saqqara","Falaise du Bubasteion","Tomb of Aperia",149,"Tomb of Aperia (352/Bub)","Egypt","N 29°52""23.01'","E 31°13""27.94'","Egyptian Museum","10; 304; 391; 441; 461; 742; 900","bꜣk tp.j n Jtn; ẖrd n kꜣp; jm.j-rʾ nʾ.t; jm.j-rʾ ssm.wt; jt.j nṯr; mnꜥ.j n ms.w nsw; ṯꜣ.tj"
879,"small finds","tools & implements",,"Discovered by the French Ministry of Foreign Affairs and Centre National de la Recherche Scientifique under the direction of A.-P. Zivie",,8,"Amenhotep III–Amenhotep IV/ Akhenaten",52,"Saqqara","Falaise du Bubasteion","Tomb of Aperia",149,"Tomb of Aperia (352/Bub)","Egypt","N 29°52""23.01'","E 31°13""27.94'",,"10; 304; 391; 441; 461; 742; 900","bꜣk tp.j n Jtn; ẖrd n kꜣp; jm.j-rʾ nʾ.t; jm.j-rʾ ssm.wt; jt.j nṯr; mnꜥ.j n ms.w nsw; ṯꜣ.tj"
443,"stela","unspecified",,"excavation of French Ministry of Foreign Affairs and Centre National de la Recherche Scientifique under the direction of A.-P. Zivie, Tomb of Aperia",,8,"Amenhotep III–Amenhotep IV/ Akhenaten",52,"Saqqara","Falaise du Bubasteion","Tomb of Aperia",149,"Tomb of Aperia (352/Bub)","Egypt","N 29°52""23.01'","E 31°13""27.94'",,"10; 304; 391; 441; 461; 742; 900","bꜣk tp.j n Jtn; ẖrd n kꜣp; jm.j-rʾ nʾ.t; jm.j-rʾ ssm.wt; jt.j nṯr; mnꜥ.j n ms.w nsw; ṯꜣ.tj"
75,"(tomb) equipment","canopics",,"Discovered by the French Ministry of Foreign Affairs and Centre National de la Recherche Scientifique under the direction of A.-P. Zivie",,8,"Amenhotep III–Amenhotep IV/ Akhenaten",52,"Saqqara","Falaise du Bubasteion","Tomb of Aperia",149,"Tomb of Aperia (352/Bub)","Egypt","N 29°52""23.01'","E 31°13""27.94'",,"10; 304; 391; 441; 461; 742; 900","bꜣk tp.j n Jtn; ẖrd n kꜣp; jm.j-rʾ nʾ.t; jm.j-rʾ ssm.wt; jt.j nṯr; mnꜥ.j n ms.w nsw; ṯꜣ.tj"
880,"(tomb) equipment","shabti",,"Discovered by the French Ministry of Foreign Affairs and Centre National de la Recherche Scientifique under the direction of A.-P. Zivie",,8,"Amenhotep III–Amenhotep IV/ Akhenaten",52,"Saqqara","Falaise du Bubasteion","Tomb of Aperia",149,"Tomb of Aperia (352/Bub)","Egypt","N 29°52""23.01'","E 31°13""27.94'",,"10; 304; 391; 441; 461; 742; 900","bꜣk tp.j n Jtn; ẖrd n kꜣp; jm.j-rʾ nʾ.t; jm.j-rʾ ssm.wt; jt.j nṯr; mnꜥ.j n ms.w nsw; ṯꜣ.tj"
505,"architectural unit","tomb","363/Bub, Bub. I.19","Discovered by the French Ministry of Foreign Affairs and Centre National de la Recherche Scientifique under the direction of A.-P. Zivie (1996)",,8,"Amenhotep III–Amenhotep IV/ Akhenaten",54,"Saqqara","Falaise du Bubasteion","Tomb of Djehutymose",150,"Tomb of Djehutymose (363/Bub)","Egypt","N 29°52""22.90"" ","E 31°13""26.29'",,"212","jdn.w m pr ꜥnḫ (n) nṯr nfr"
193,"stela","round-topped stela","IM 5305","excavated Feb 11 février 1852, in the room of Amhotep IV","AF 125, S.1168, E.3012; Allocated through partage after excavation.",8,"Amenhotep III–Amenhotep IV/ Akhenaten",65,"Saqqara","Serapeum",,166,"Serapeum","Egypt","N 29°52'28.99"" ","E 31°12'44.70""","Musée du Louvre",,
706,"architectural element","lintel","ÄM 21597",,"formerly Nicola Brimo collection (Berlin, 1915)",8,"Amenhotep III–Amenhotep IV/ Akhenaten",121,"Tell el-Amarna",,,30,"Tell el-Amarna","Egypt","N 27°39'42""","E 30°54'20""","Ägyptisches Museum und Papyrussammlung; Collection of Nicola Brimo",,
708,"architectural unit","house",,,,8,"Amenhotep III–Amenhotep IV/ Akhenaten",121,"Tell el-Amarna",,,30,"Tell el-Amarna","Egypt","N 27°39'42""","E 30°54'20""",,,
897,"architectural element","wall-fragment",,,,8,"Amenhotep III–Amenhotep IV/ Akhenaten",169,"Saqqara",,"Tomb of Ipy",,,,,,"UK, London, Courtesy of Salomon Aaron (David Aaron Ancient Arts)","1106; 1122; 1503; 363; 42; 575; 665","bꜣk n pr ḏ.t; ḥm nṯr tp.j n Ptḥ m pꜣ bꜥḥ; jm.j-rʾ pr n Mn-nfr; jm.j-rʾ pr wr n Jnb.w-ḥḏ.w; jm.j-rʾ pr wr n Mn-nfr; sẖꜣ.w nsw mꜣꜥ; sšm.w ḥꜣb n nb Mꜣꜥ.t"
705,"stela","falsedoor-stela","ДВ-1072",,,8,"Amenhotep III–Amenhotep IV/ Akhenaten",169,"Saqqara",,"Tomb of Ipy",,,,,,"State Hermitage Museum","1106; 1122; 1503; 363; 42; 575; 665","bꜣk n pr ḏ.t; ḥm nṯr tp.j n Ptḥ m pꜣ bꜥḥ; jm.j-rʾ pr n Mn-nfr; jm.j-rʾ pr wr n Jnb.w-ḥḏ.w; jm.j-rʾ pr wr n Mn-nfr; sẖꜣ.w nsw mꜣꜥ; sšm.w ḥꜣb n nb Mꜣꜥ.t"
22,"stela","round-topped stela","2567",,"formerly Nizzoli collection (1824)",8,"Amenhotep III–Amenhotep IV/ Akhenaten",169,"Saqqara",,"Tomb of Ipy",,,,,,"Collection of Giuseppi di Nizzoli; Museo Egizio","1106; 1122; 1503; 363; 42; 575; 665","bꜣk n pr ḏ.t; ḥm nṯr tp.j n Ptḥ m pꜣ bꜥḥ; jm.j-rʾ pr n Mn-nfr; jm.j-rʾ pr wr n Jnb.w-ḥḏ.w; jm.j-rʾ pr wr n Mn-nfr; sẖꜣ.w nsw mꜣꜥ; sšm.w ḥꜣb n nb Mꜣꜥ.t"
702,"(tomb) equipment","canopics","AAL 4c",,"formerly Anastasi collection (1828)",8,"Amenhotep III–Amenhotep IV/ Akhenaten",169,"Saqqara",,"Tomb of Ipy",,,,,,"Collection of Giovanni Anastasi; Rijksmuseum van Oudheden","1106; 1122; 1503; 363; 42; 575; 665","bꜣk n pr ḏ.t; ḥm nṯr tp.j n Ptḥ m pꜣ bꜥḥ; jm.j-rʾ pr n Mn-nfr; jm.j-rʾ pr wr n Jnb.w-ḥḏ.w; jm.j-rʾ pr wr n Mn-nfr; sẖꜣ.w nsw mꜣꜥ; sšm.w ḥꜣb n nb Mꜣꜥ.t"
703,"(tomb) equipment","canopics","AAL 4d",,"formerly Anastasi collection (1828)",8,"Amenhotep III–Amenhotep IV/ Akhenaten",169,"Saqqara",,"Tomb of Ipy",,,,,,"Collection of Giovanni Anastasi; Rijksmuseum van Oudheden","1106; 1122; 1503; 363; 42; 575; 665","bꜣk n pr ḏ.t; ḥm nṯr tp.j n Ptḥ m pꜣ bꜥḥ; jm.j-rʾ pr n Mn-nfr; jm.j-rʾ pr wr n Jnb.w-ḥḏ.w; jm.j-rʾ pr wr n Mn-nfr; sẖꜣ.w nsw mꜣꜥ; sšm.w ḥꜣb n nb Mꜣꜥ.t"
704,"(tomb) equipment","shabti","C.2516",,"acquired before 1882/1888, formerly Bernadino Drovetti collection",8,"Amenhotep III–Amenhotep IV/ Akhenaten",169,"Saqqara",,"Tomb of Ipy",,,,,,"Collection of  Bernadino Drovetti; Museo Egizio","1106; 1122; 1503; 363; 42; 575; 665","bꜣk n pr ḏ.t; ḥm nṯr tp.j n Ptḥ m pꜣ bꜥḥ; jm.j-rʾ pr n Mn-nfr; jm.j-rʾ pr wr n Jnb.w-ḥḏ.w; jm.j-rʾ pr wr n Mn-nfr; sẖꜣ.w nsw mꜣꜥ; sšm.w ḥꜣb n nb Mꜣꜥ.t"
707,"other text documents","papyrus",,,,8,"Amenhotep III–Amenhotep IV/ Akhenaten",,,,,,,,,,,,
881,"small finds","jewellery & amulets",,"Discovered by the French Ministry of Foreign Affairs and Centre National de la Recherche Scientifique under the direction of A.-P. Zivie",,9,"Amenhotep III–Tutankhamun",52,"Saqqara","Falaise du Bubasteion","Tomb of Aperia",149,"Tomb of Aperia (352/Bub)","Egypt","N 29°52""23.01'","E 31°13""27.94'",,"10; 304; 391; 441; 461; 742; 900","bꜣk tp.j n Jtn; ẖrd n kꜣp; jm.j-rʾ nʾ.t; jm.j-rʾ ssm.wt; jt.j nṯr; mnꜥ.j n ms.w nsw; ṯꜣ.tj"
1243,"small finds","jewellery & amulets","1039",,"formerly Madame Maupas collection (1910)",9,"Amenhotep III–Tutankhamun",170,"Saqqara","Unas-Cemetery","Tomb of Serbna",178,"Unas-Cemetery","Egypt","N 29°51'59.80""","E 31°13'02.87""","Collection of Madame Maupas; Muséum Emmanuel Liais","22; 28; 35","ḥm nṯr n Bꜥr; ḥm nṯr tp.j (n) Jmn n psḏ.t m Prw-nfr; ḥm nṯr ꜥstr.t"
1240,"small finds","jewellery & amulets","ÄM 1785",,"formerly Carl Richard Lepius collection, war losses",9,"Amenhotep III–Tutankhamun",170,"Saqqara","Unas-Cemetery","Tomb of Serbna",178,"Unas-Cemetery","Egypt","N 29°51'59.80""","E 31°13'02.87""","Ägyptisches Museum und Papyrussammlung; Collection of Carl Richard Lepsius","22; 28; 35","ḥm nṯr n Bꜥr; ḥm nṯr tp.j (n) Jmn n psḏ.t m Prw-nfr; ḥm nṯr ꜥstr.t"
1241,"small finds","jewellery & amulets","ÄM 8665",,"formerly Carl Richard Lepius collection",9,"Amenhotep III–Tutankhamun",170,"Saqqara","Unas-Cemetery","Tomb of Serbna",178,"Unas-Cemetery","Egypt","N 29°51'59.80""","E 31°13'02.87""","Ägyptisches Museum und Papyrussammlung; Collection of Carl Richard Lepsius","22; 28; 35","ḥm nṯr n Bꜥr; ḥm nṯr tp.j (n) Jmn n psḏ.t m Prw-nfr; ḥm nṯr ꜥstr.t"
1872,"small finds","jewellery & amulets","E 2208",,"N 4568",9,"Amenhotep III–Tutankhamun",170,"Saqqara","Unas-Cemetery","Tomb of Serbna",178,"Unas-Cemetery","Egypt","N 29°51'59.80""","E 31°13'02.87""","Musée du Louvre","22; 28; 35","ḥm nṯr n Bꜥr; ḥm nṯr tp.j (n) Jmn n psḏ.t m Prw-nfr; ḥm nṯr ꜥstr.t"
1914,"small finds","jewellery & amulets","E 3860",,,9,"Amenhotep III–Tutankhamun",170,"Saqqara","Unas-Cemetery","Tomb of Serbna",178,"Unas-Cemetery","Egypt","N 29°51'59.80""","E 31°13'02.87""","Musée du Louvre","22; 28; 35","ḥm nṯr n Bꜥr; ḥm nṯr tp.j (n) Jmn n psḏ.t m Prw-nfr; ḥm nṯr ꜥstr.t"
415,"small finds","tools & implements","ÄM 1284",,"formerly Carl Richard Lepius collection, purchased by Lepsius in Cairo ( Nov 7, 1842)",9,"Amenhotep III–Tutankhamun",170,"Saqqara","Unas-Cemetery","Tomb of Serbna",178,"Unas-Cemetery","Egypt","N 29°51'59.80""","E 31°13'02.87""","Ägyptisches Museum und Papyrussammlung; Collection of Carl Richard Lepsius","22; 28; 35","ḥm nṯr n Bꜥr; ḥm nṯr tp.j (n) Jmn n psḏ.t m Prw-nfr; ḥm nṯr ꜥstr.t"
1745,"small finds","tools & implements",,,,9,"Amenhotep III–Tutankhamun",170,"Saqqara","Unas-Cemetery","Tomb of Serbna",178,"Unas-Cemetery","Egypt","N 29°51'59.80""","E 31°13'02.87""",,"22; 28; 35","ḥm nṯr n Bꜥr; ḥm nṯr tp.j (n) Jmn n psḏ.t m Prw-nfr; ḥm nṯr ꜥstr.t"
1744,"small finds","vessels & container","ÄM 1882",,"now missing",9,"Amenhotep III–Tutankhamun",170,"Saqqara","Unas-Cemetery","Tomb of Serbna",178,"Unas-Cemetery","Egypt","N 29°51'59.80""","E 31°13'02.87""","Ägyptisches Museum und Papyrussammlung","22; 28; 35","ḥm nṯr n Bꜥr; ḥm nṯr tp.j (n) Jmn n psḏ.t m Prw-nfr; ḥm nṯr ꜥstr.t"
1242,"(tomb) equipment","canopics","144",,,9,"Amenhotep III–Tutankhamun",170,"Saqqara","Unas-Cemetery","Tomb of Serbna",178,"Unas-Cemetery","Egypt","N 29°51'59.80""","E 31°13'02.87""","Musée municipal Auguste Grasset","22; 28; 35","ḥm nṯr n Bꜥr; ḥm nṯr tp.j (n) Jmn n psḏ.t m Prw-nfr; ḥm nṯr ꜥstr.t"
2248,"architectural unit","tomb","155/USC, 2009/20","Found in the forecourt of Khay (051/USC)",,9,"Amenhotep III–Tutankhamun",179,"Saqqara","Unas-Cemetery","Tomb of Panakhtemdedu",168,"Tomb of Panakhtemdedu (155/USC)","Egypt","N 29°51'57.73""","E 31°13'02.06""",,,
531,"stela","unspecified","SAK 2009-R21","Found in the forecourt of Khay (051/USC)",,9,"Amenhotep III–Tutankhamun",179,"Saqqara","Unas-Cemetery","Tomb of Panakhtemdedu",168,"Tomb of Panakhtemdedu (155/USC)","Egypt","N 29°51'57.73""","E 31°13'02.06""","Main Magazine (Saqqara)",,
1317,"small finds","vessels & container",,,,9,"Amenhotep III–Tutankhamun",180,"Saqqara","Falaise du Bubasteion","Tomb of Amenhotep",180,"Falaise du Bubasteion","Egypt","N 29°52'23.04"" ","E 31°13'25.73""",,"122; 391; 626","ḥr.j pḏ.t; jm.j-rʾ ssm.wt; sẖꜣ.w nfr.w n nb tꜣ.wj"
1316,"(tomb) equipment","coffin",,"excavation of French Ministry of Foreign Affairs and Centre National de la Recherche Scientifique under the direction of A.-P. Zivie, Tomb of Aperia",,9,"Amenhotep III–Tutankhamun",180,"Saqqara","Falaise du Bubasteion","Tomb of Amenhotep",180,"Falaise du Bubasteion","Egypt","N 29°52'23.04"" ","E 31°13'25.73""",,"122; 391; 626","ḥr.j pḏ.t; jm.j-rʾ ssm.wt; sẖꜣ.w nfr.w n nb tꜣ.wj"
1318,"(tomb) equipment","shabti",,,,9,"Amenhotep III–Tutankhamun",180,"Saqqara","Falaise du Bubasteion","Tomb of Amenhotep",180,"Falaise du Bubasteion","Egypt","N 29°52'23.04"" ","E 31°13'25.73""",,"122; 391; 626","ḥr.j pḏ.t; jm.j-rʾ ssm.wt; sẖꜣ.w nfr.w n nb tꜣ.wj"
506,"architectural unit","tomb","360/Bub, Bub. I.27","Discovered by the French Ministry of Foreign Affairs and Centre National de la Recherche Scientifique under the direction of A.-P. Zivie (2001–2002)",,14,"Amenhotep IV/ Akhenaten",53,"Saqqara","Falaise du Bubasteion","Tomb of Raiay",164,"Tomb of Raiay (360/Bub)","Egypt","N 29°52'22.77""","E 31°13'25.41""",,"1096; 1518; 689","bꜣk n Jtn; sẖꜣ.w n pr ḥḏ n pr Jtn m Mn-nfr; sẖꜣ.w pr ḥḏ n pr Jtn m ꜣḫ.t-Jtn m Mn-nfr"
528,"stela","falsedoor-stela","2008-R52","Discovered by Leiden archaeological mission (2008), north of the tomb of Ptahemwia,  in dry-stone wall 2008/16, about 0.3 m above floor level.",,14,"Amenhotep IV/ Akhenaten",85,"Saqqara","Unas-Cemetery","Tomb of Ptahemwia",140,"Tomb of Ptahemwia (025/USC)","Egypt","N 29°51""57.76'","E 31°13""04.05'","Main Magazine (Saqqara)","953","wbꜣ nsw wꜥb ꜥ.wj"
2214,"stela","rectangular-stela",,"The stela was discovered in 1994 by the SCA archaeological mission at the Teti Cemetery, east of the funerary temple of Queen Iput. It was found in a secondary context, lying on the ground near the New Kingdom tomb chapel of Hatiay (id 2837).",,14,"Amenhotep IV/ Akhenaten",101,"Saqqara","Teti-Cemetery","Tomb of Hatiay",153,"Tomb of Hatiay (228/TPC)","Egypt","N 29°52'35.22""","E 31°13'21.18""",,"93","ḥr.j jr.j ḫsbḏ"
496,"stela","round-topped stela","37.1353 E",,"Charles Edwin Wilbour Fund",14,"Amenhotep IV/ Akhenaten",126,"Saqqara",,,,,,,,"The Brooklyn Museum",,
2093,"other text documents","papyrus",,,,14,"Amenhotep IV/ Akhenaten",128,"Abu Gurob",,,,,,,,,,
1991,"stela","falsedoor-stela","TNM:B19a","Discovered in the 2009 excavation season conducted by Macquarie University in the Teti Pyramid Cemetery North, were found in the fill of the eastern burial chamber of New Kingdom Tomb 2",,14,"Amenhotep IV/ Akhenaten",167,"Saqqara","Teti-Cemetery","Tomb of Meh",157,"Tomb of Meh (315/TPC)","Egypt","N 29°52'35.13"" ","E 31°13'19.22""",,"1165","ꜣṯ.w n Mn-nfr"
151,"architectural element","lintel","TN 8.11.26.6","The tomb is known from relief-decorated fragments now held in the Egyptian Museum Cairo. C. M. Zivie suggested the tomb formed part of a now-lost New Kingdom cemetery at Giza. N. Staring has proposed the Teti Pyramid Cemetery at Saqqara, where it would have stood amongst those of Ptahmay’s peers, see: N. Staring, ‘The Memphite Necropolis through the Amarna Period: A Study of Private Patronage, Transmission of Iconographic Motifs, and Scene Details’, in F. Coppens (ed.), Continuity, Discontinuity and Change: Perspectives from the New Kingdom to the Roman Era, Prague, 2021, pp. 37–41.",,14,"Amenhotep IV/ Akhenaten",171,"Saqqara","Teti-Cemetery","Tomb of Ptahmay",179,"Teti-Cemetery","Egypt","N 29°52'34.53""","E 31°13'18.61""","Egyptian Museum","88","ḥr.j jr.ww nbw pꜣq n pr Jtn"
1466,"architectural element","wall-fragment","TN 11.1.25.12","The tomb is known from relief-decorated fragments now held in the Egyptian Museum Cairo. C. M. Zivie suggested the tomb formed part of a now-lost New Kingdom cemetery at Giza. N. Staring has proposed the Teti Pyramid Cemetery at Saqqara, where it would have stood amongst those of Ptahmay’s peers, see: N. Staring, ‘The Memphite Necropolis through the Amarna Period: A Study of Private Patronage, Transmission of Iconographic Motifs, and Scene Details’, in F. Coppens (ed.), Continuity, Discontinuity and Change: Perspectives from the New Kingdom to the Roman Era, Prague, 2021, pp. 37–41.",,14,"Amenhotep IV/ Akhenaten",171,"Saqqara","Teti-Cemetery","Tomb of Ptahmay",179,"Teti-Cemetery","Egypt","N 29°52'34.53""","E 31°13'18.61""","Egyptian Museum","88","ḥr.j jr.ww nbw pꜣq n pr Jtn"
940,"architectural element","wall-fragment","TN 14.6.24.2","The tomb is known from relief-decorated fragments now held in the Egyptian Museum Cairo. C. M. Zivie suggested the tomb formed part of a now-lost New Kingdom cemetery at Giza. N. Staring has proposed the Teti Pyramid Cemetery at Saqqara, where it would have stood amongst those of Ptahmay’s peers, see: N. Staring, ‘The Memphite Necropolis through the Amarna Period: A Study of Private Patronage, Transmission of Iconographic Motifs, and Scene Details’, in F. Coppens (ed.), Continuity, Discontinuity and Change: Perspectives from the New Kingdom to the Roman
Era, Prague, 2021, pp. 37–41.",,14,"Amenhotep IV/ Akhenaten",171,"Saqqara","Teti-Cemetery","Tomb of Ptahmay",179,"Teti-Cemetery","Egypt","N 29°52'34.53""","E 31°13'18.61""","Egyptian Museum","88","ḥr.j jr.ww nbw pꜣq n pr Jtn"
1467,"architectural element","wall-fragment","TN 1.7.24.5","The tomb is known from relief-decorated fragments now held in the Egyptian Museum Cairo. C. M. Zivie suggested the tomb formed part of a now-lost New Kingdom cemetery at Giza. N. Staring has proposed the Teti Pyramid Cemetery at Saqqara, where it would have stood amongst those of Ptahmay’s peers, see: N. Staring, ‘The Memphite Necropolis through the Amarna Period: A Study of Private Patronage, Transmission of Iconographic Motifs, and Scene Details’, in F. Coppens (ed.), Continuity, Discontinuity and Change: Perspectives from the New Kingdom to the Roman
Era, Prague, 2021, pp. 37–41.",,14,"Amenhotep IV/ Akhenaten",171,"Saqqara","Teti-Cemetery","Tomb of Ptahmay",179,"Teti-Cemetery","Egypt","N 29°52'34.53""","E 31°13'18.61""","Egyptian Museum","88","ḥr.j jr.ww nbw pꜣq n pr Jtn"
938,"architectural element","wall-fragment","TN 3.7.24.12","The tomb is known from relief-decorated fragments now held in the Egyptian Museum Cairo. C. M. Zivie suggested the tomb formed part of a now-lost New Kingdom cemetery at Giza. N. Staring has proposed the Teti Pyramid Cemetery at Saqqara, where it would have stood amongst those of Ptahmay’s peers, see: N. Staring, ‘The Memphite Necropolis through the Amarna Period: A Study of Private Patronage, Transmission of Iconographic Motifs, and Scene Details’, in F. Coppens (ed.), Continuity, Discontinuity and Change: Perspectives from the New Kingdom to the Roman Era, Prague, 2021, pp. 37–41.",,14,"Amenhotep IV/ Akhenaten",171,"Saqqara","Teti-Cemetery","Tomb of Ptahmay",179,"Teti-Cemetery","Egypt","N 29°52'34.53""","E 31°13'18.61""","Egyptian Museum","88","ḥr.j jr.ww nbw pꜣq n pr Jtn"
939,"architectural element","wall-fragment","TN 5.7.24.8","The tomb is known from relief-decorated fragments now held in the Egyptian Museum Cairo. C. M. Zivie suggested the tomb formed part of a now-lost New Kingdom cemetery at Giza. N. Staring has proposed the Teti Pyramid Cemetery at Saqqara, where it would have stood amongst those of Ptahmay’s peers, see: N. Staring, ‘The Memphite Necropolis through the Amarna Period: A Study of Private Patronage, Transmission of Iconographic Motifs, and Scene Details’, in F. Coppens (ed.), Continuity, Discontinuity and Change: Perspectives from the New Kingdom to the Roman Era, Prague, 2021, pp. 37–41.",,14,"Amenhotep IV/ Akhenaten",171,"Saqqara","Teti-Cemetery","Tomb of Ptahmay",179,"Teti-Cemetery","Egypt","N 29°52'34.53""","E 31°13'18.61""","Egyptian Museum","88","ḥr.j jr.ww nbw pꜣq n pr Jtn"
339,"stela","falsedoor-stela","JE 10174","excavated in Saqqara in april 1860","CG 34182",14,"Amenhotep IV/ Akhenaten",181,"Saqqara","Teti-Cemetery","Tomb of Huy",170,"Tomb of Huy (230/TPC)","Egypt","N 29°52'34.26""","31°13'19.90""","Egyptian Museum","154","ḥr.j šwjj.tj n tꜣ ḥw.t pꜣ Jtn"
408,"architectural element","wall-fragment","MCA-EGI-EG_1893",,"formerly P. Palagi collection (1860).",14,"Amenhotep IV/ Akhenaten",,,,,,,,,,"Collection of Pelagio Palagi; Museo Civico Archeologico",,
34,"statue","bloc statue","ÄM 31199",,"purchased from H. Herzer & Co. in 1965",14,"Amenhotep IV/ Akhenaten",,,,,,,,,,"Ägyptisches Museum und Papyrussammlung",,
242,"stela","falsedoor-stela","BM EA 324",,"formerly Anastasi collection (1839)",14,"Amenhotep IV/ Akhenaten",,,,,,,,,,"British Museum; Collection of Giovanni Anastasi",,
427,"(tomb) equipment","shabti","49.29",,"formerly collection of Comte de Clarac (1843)",14,"Amenhotep IV/ Akhenaten",,,,,,,,,,"Collection of Comte de Clarac; Musée Georges Labit",,
1449,"architectural element","wall-fragment","JE 44925","Discovered by J. E. Quibell and A. G. K. Hayter (1912–14)",,15,"Amenhotep IV/ Akhenaten–Tutankhamun",72,"Saqqara","Teti-Cemetery","Tomb of Merya",158,"Tomb of Merya (220/TPC)","Egypt","N 29°52'34.40""","E 31°13'17.88""","Egyptian Museum","583","šwjj.tj"
205,"architectural element","wall-fragment","JE 44926–44928","Discovered by J. E. Quibell and A. G. K. Hayter (1912–14)","TN 29.6.24.9, TN 27.6.24.5, TN 3.7.24.2, TN 25.6.24.4, TN 25.6.24.5, TN 3.7.24.6",15,"Amenhotep IV/ Akhenaten–Tutankhamun",72,"Saqqara","Teti-Cemetery","Tomb of Merya",158,"Tomb of Merya (220/TPC)","Egypt","N 29°52'34.40""","E 31°13'17.88""","Egyptian Museum","583","šwjj.tj"
1450,"architectural element","wall-fragment","JE 44930","Discovered by J. E. Quibell and A. G. K. Hayter (1912–14)",,15,"Amenhotep IV/ Akhenaten–Tutankhamun",72,"Saqqara","Teti-Cemetery","Tomb of Merya",158,"Tomb of Merya (220/TPC)","Egypt","N 29°52'34.40""","E 31°13'17.88""","Egyptian Museum","583","šwjj.tj"
2100,"architectural unit","tomb","220/TPC, S 2727 (Quibell)","Discovered by J. E. Quibell and A. G. K. Hayter (1912–14), SCA mission",,15,"Amenhotep IV/ Akhenaten–Tutankhamun",72,"Saqqara","Teti-Cemetery","Tomb of Merya",158,"Tomb of Merya (220/TPC)","Egypt","N 29°52'34.40""","E 31°13'17.88""",,"583","šwjj.tj"
724,"architectural element","column","ÄM 1627","found by C. R. Lepsius in 1845, chapel B, Porticus",,15,"Amenhotep IV/ Akhenaten–Tutankhamun",84,"Saqqara","Unas-Cemetery","Tomb of Iniuia",151,"Tomb of Iniuia (009/USC)","Egypt","N 29°51'57.4""","E 31°13'01.2""","Ägyptisches Museum und Papyrussammlung","258; 335; 575; 662; 683; 840; 967","jm.j-rʾ jḥ.w n Jmn; jm.j-rʾ pr m Mn-nfr; jm.j-rʾ pr wr m Mn-nfr; sẖꜣ.w nsw; sẖꜣ.w pr ḥḏ n ḥḏ nbw n nb tꜣ.wj; sẖꜣ.w pr ḥḏ n nb tꜣ.wj; sšm.w ḥꜣb n nb Mꜣꜥ.t"
725,"architectural element","column","ÄM 1628","found by C. R. Lepsius in 1845, chapel B, Porticus",,15,"Amenhotep IV/ Akhenaten–Tutankhamun",84,"Saqqara","Unas-Cemetery","Tomb of Iniuia",151,"Tomb of Iniuia (009/USC)","Egypt","N 29°51'57.4""","E 31°13'01.2""","Ägyptisches Museum und Papyrussammlung","258; 335; 575; 662; 683; 840; 967","jm.j-rʾ jḥ.w n Jmn; jm.j-rʾ pr m Mn-nfr; jm.j-rʾ pr wr m Mn-nfr; sẖꜣ.w nsw; sẖꜣ.w pr ḥḏ n ḥḏ nbw n nb tꜣ.wj; sẖꜣ.w pr ḥḏ n nb tꜣ.wj; sšm.w ḥꜣb n nb Mꜣꜥ.t"
2187,"architectural element","lintel","R 93-53 A + B, R 93-56","The lintel originally sat on top of the papyrus-bundle columns (Berlin ÄM 1627 and ÄM 1628) from the tomb of Iniuia. It was found in three pieces in the fill of the shaft of the tomb (Shaft I)",,15,"Amenhotep IV/ Akhenaten–Tutankhamun",84,"Saqqara","Unas-Cemetery","Tomb of Iniuia",151,"Tomb of Iniuia (009/USC)","Egypt","N 29°51'57.4""","E 31°13'01.2""","Main Magazine (Saqqara)","258; 335; 575; 662; 683; 840; 967","jm.j-rʾ jḥ.w n Jmn; jm.j-rʾ pr m Mn-nfr; jm.j-rʾ pr wr m Mn-nfr; sẖꜣ.w nsw; sẖꜣ.w pr ḥḏ n ḥḏ nbw n nb tꜣ.wj; sẖꜣ.w pr ḥḏ n nb tꜣ.wj; sšm.w ḥꜣb n nb Mꜣꜥ.t"
730,"architectural element","pyramidion","D 14","Originally installed atop the funerary pyramid of the tomb of Iniuia.","N 355; Formerly Baron Isidore Justin Séverin Taylor collection (before 1830). Acquired during a mission (?). Registered in the inventory in 1830 (CC 321). Arrived at the museum in early 1832 (January or February?)",15,"Amenhotep IV/ Akhenaten–Tutankhamun",84,"Saqqara","Unas-Cemetery","Tomb of Iniuia",151,"Tomb of Iniuia (009/USC)","Egypt","N 29°51'57.4""","E 31°13'01.2""","Musée du Louvre","258; 335; 575; 662; 683; 840; 967","jm.j-rʾ jḥ.w n Jmn; jm.j-rʾ pr m Mn-nfr; jm.j-rʾ pr wr m Mn-nfr; sẖꜣ.w nsw; sẖꜣ.w pr ḥḏ n ḥḏ nbw n nb tꜣ.wj; sẖꜣ.w pr ḥḏ n nb tꜣ.wj; sšm.w ḥꜣb n nb Mꜣꜥ.t"
2188,"architectural element","wall-fragment","R 93-20, R 93-5, R 93-64","The three blocks belonging to the upper left scene of the north wall of the antechapel in the tomb of Iniuia were found in the sand fill in the center of the courtyard",,15,"Amenhotep IV/ Akhenaten–Tutankhamun",84,"Saqqara","Unas-Cemetery","Tomb of Iniuia",151,"Tomb of Iniuia (009/USC)","Egypt","N 29°51'57.4""","E 31°13'01.2""","Nicholson Museum","258; 335; 575; 662; 683; 840; 967","jm.j-rʾ jḥ.w n Jmn; jm.j-rʾ pr m Mn-nfr; jm.j-rʾ pr wr m Mn-nfr; sẖꜣ.w nsw; sẖꜣ.w pr ḥḏ n ḥḏ nbw n nb tꜣ.wj; sẖꜣ.w pr ḥḏ n nb tꜣ.wj; sšm.w ḥꜣb n nb Mꜣꜥ.t"
731,"architectural element","wall-fragment","TN 14.6.24.29","tomb of Iniuia",,15,"Amenhotep IV/ Akhenaten–Tutankhamun",84,"Saqqara","Unas-Cemetery","Tomb of Iniuia",151,"Tomb of Iniuia (009/USC)","Egypt","N 29°51'57.4""","E 31°13'01.2""","Egyptian Museum","258; 335; 575; 662; 683; 840; 967","jm.j-rʾ jḥ.w n Jmn; jm.j-rʾ pr m Mn-nfr; jm.j-rʾ pr wr m Mn-nfr; sẖꜣ.w nsw; sẖꜣ.w pr ḥḏ n ḥḏ nbw n nb tꜣ.wj; sẖꜣ.w pr ḥḏ n nb tꜣ.wj; sšm.w ḥꜣb n nb Mꜣꜥ.t"
63,"architectural element","wall-fragment","TN 25.6.24.7","North Wall of the sanctuary of the tomb of Iniuia","SR 11935",15,"Amenhotep IV/ Akhenaten–Tutankhamun",84,"Saqqara","Unas-Cemetery","Tomb of Iniuia",151,"Tomb of Iniuia (009/USC)","Egypt","N 29°51'57.4""","E 31°13'01.2""","Egyptian Museum","258; 335; 575; 662; 683; 840; 967","jm.j-rʾ jḥ.w n Jmn; jm.j-rʾ pr m Mn-nfr; jm.j-rʾ pr wr m Mn-nfr; sẖꜣ.w nsw; sẖꜣ.w pr ḥḏ n ḥḏ nbw n nb tꜣ.wj; sẖꜣ.w pr ḥḏ n nb tꜣ.wj; sšm.w ḥꜣb n nb Mꜣꜥ.t"
732,"architectural element","wall-fragment","TN 3.7.24.13","tomb of Iniuia",,15,"Amenhotep IV/ Akhenaten–Tutankhamun",84,"Saqqara","Unas-Cemetery","Tomb of Iniuia",151,"Tomb of Iniuia (009/USC)","Egypt","N 29°51'57.4""","E 31°13'01.2""","Egyptian Museum","258; 335; 575; 662; 683; 840; 967","jm.j-rʾ jḥ.w n Jmn; jm.j-rʾ pr m Mn-nfr; jm.j-rʾ pr wr m Mn-nfr; sẖꜣ.w nsw; sẖꜣ.w pr ḥḏ n ḥḏ nbw n nb tꜣ.wj; sẖꜣ.w pr ḥḏ n nb tꜣ.wj; sšm.w ḥꜣb n nb Mꜣꜥ.t"
658,"architectural unit","tomb","009/USC","Discovered by Auguste Mariette / L. Vassalli (1860); EES/Leiden archaeological mission (1993)",,15,"Amenhotep IV/ Akhenaten–Tutankhamun",84,"Saqqara","Unas-Cemetery","Tomb of Iniuia",151,"Tomb of Iniuia (009/USC)","Egypt","N 29°51'57.4""","E 31°13'01.2""",,"258; 335; 575; 662; 683; 840; 967","jm.j-rʾ jḥ.w n Jmn; jm.j-rʾ pr m Mn-nfr; jm.j-rʾ pr wr m Mn-nfr; sẖꜣ.w nsw; sẖꜣ.w pr ḥḏ n ḥḏ nbw n nb tꜣ.wj; sẖꜣ.w pr ḥḏ n nb tꜣ.wj; sšm.w ḥꜣb n nb Mꜣꜥ.t"
723,"stela","falsedoor-stela","1864246",,"Gift of Henry H. Getty, Charles L. Hutchinson, and Robert H. Fleming, 1894.246; was probably acquired from the collection of Reverend Chauncey Murch, American missionary at Luxor, whose entire collection was bought by the AIC in 1894",15,"Amenhotep IV/ Akhenaten–Tutankhamun",84,"Saqqara","Unas-Cemetery","Tomb of Iniuia",151,"Tomb of Iniuia (009/USC)","Egypt","N 29°51'57.4""","E 31°13'01.2""","Collection of Murch; Manchester Museum","258; 335; 575; 662; 683; 840; 967","jm.j-rʾ jḥ.w n Jmn; jm.j-rʾ pr m Mn-nfr; jm.j-rʾ pr wr m Mn-nfr; sẖꜣ.w nsw; sẖꜣ.w pr ḥḏ n ḥḏ nbw n nb tꜣ.wj; sẖꜣ.w pr ḥḏ n nb tꜣ.wj; sšm.w ḥꜣb n nb Mꜣꜥ.t"
737,"stela","falsedoor-stela",,"tomb of Iniuia",,15,"Amenhotep IV/ Akhenaten–Tutankhamun",84,"Saqqara","Unas-Cemetery","Tomb of Iniuia",151,"Tomb of Iniuia (009/USC)","Egypt","N 29°51'57.4""","E 31°13'01.2""","Main Magazine (Saqqara)","258; 335; 575; 662; 683; 840; 967","jm.j-rʾ jḥ.w n Jmn; jm.j-rʾ pr m Mn-nfr; jm.j-rʾ pr wr m Mn-nfr; sẖꜣ.w nsw; sẖꜣ.w pr ḥḏ n ḥḏ nbw n nb tꜣ.wj; sẖꜣ.w pr ḥḏ n nb tꜣ.wj; sšm.w ḥꜣb n nb Mꜣꜥ.t"
728,"stela","round-topped stela","JE 10079","From the tomb of Iniuia, stela is one of the two stelae flanking the entrance of the Antechapel (Chapel B). The stela stood on a limestone base set against the north jamb of the entrance.  discovered by A. Mariette and L. Vassalli (1860)","rom the excavations of Mariette/ Vassalli, mentioned in MSS Vassalli 20 [left]. Acquired by the museum in 1860.",15,"Amenhotep IV/ Akhenaten–Tutankhamun",84,"Saqqara","Unas-Cemetery","Tomb of Iniuia",151,"Tomb of Iniuia (009/USC)","Egypt","N 29°51'57.4""","E 31°13'01.2""","Egyptian Museum","258; 335; 575; 662; 683; 840; 967","jm.j-rʾ jḥ.w n Jmn; jm.j-rʾ pr m Mn-nfr; jm.j-rʾ pr wr m Mn-nfr; sẖꜣ.w nsw; sẖꜣ.w pr ḥḏ n ḥḏ nbw n nb tꜣ.wj; sẖꜣ.w pr ḥḏ n nb tꜣ.wj; sšm.w ḥꜣb n nb Mꜣꜥ.t"
734,"stela","round-topped stela","R 93-24, R 93-26–28, R 93-29a–e, R 93-76","From the tomb of Iniuia, stela is one of the two stelae flanking the entrance of the Antechapel (Chapel B). The stela stood on a limestone base set against the south jamb of the entrance. ","fragments recovered during the excavation by the EES/Leiden archaeological mission",15,"Amenhotep IV/ Akhenaten–Tutankhamun",84,"Saqqara","Unas-Cemetery","Tomb of Iniuia",151,"Tomb of Iniuia (009/USC)","Egypt","N 29°51'57.4""","E 31°13'01.2""","Main Magazine (Saqqara)","258; 335; 575; 662; 683; 840; 967","jm.j-rʾ jḥ.w n Jmn; jm.j-rʾ pr m Mn-nfr; jm.j-rʾ pr wr m Mn-nfr; sẖꜣ.w nsw; sẖꜣ.w pr ḥḏ n ḥḏ nbw n nb tꜣ.wj; sẖꜣ.w pr ḥḏ n nb tꜣ.wj; sšm.w ḥꜣb n nb Mꜣꜥ.t"
726,"(tomb) equipment","sarcophagus","D 2","tomb of Iniuia","N 338, donated to King Louis XVIII in 1823 by the son of Alexandre Thédenat-Duvent, the French Consul in Alxenadria",15,"Amenhotep IV/ Akhenaten–Tutankhamun",84,"Saqqara","Unas-Cemetery","Tomb of Iniuia",151,"Tomb of Iniuia (009/USC)","Egypt","N 29°51'57.4""","E 31°13'01.2""","Musée du Louvre","258; 335; 575; 662; 683; 840; 967","jm.j-rʾ jḥ.w n Jmn; jm.j-rʾ pr m Mn-nfr; jm.j-rʾ pr wr m Mn-nfr; sẖꜣ.w nsw; sẖꜣ.w pr ḥḏ n ḥḏ nbw n nb tꜣ.wj; sẖꜣ.w pr ḥḏ n nb tꜣ.wj; sšm.w ḥꜣb n nb Mꜣꜥ.t"
729,"(tomb) equipment","shabti","MFA 1977.717",,"formerly General Jean-Joseph Tarayre collection (1800), by descent in Tarayre family until 1970s; by 1977: with Jean-Loup Despras, Paris; October 17, 1977, purchased by the MFA from Despras. (Accession date: October 12, 1977)",15,"Amenhotep IV/ Akhenaten–Tutankhamun",84,"Saqqara","Unas-Cemetery","Tomb of Iniuia",151,"Tomb of Iniuia (009/USC)","Egypt","N 29°51'57.4""","E 31°13'01.2""","Collection of General Jean–Joseph Tarayre; Museum of Fine Arts","258; 335; 575; 662; 683; 840; 967","jm.j-rʾ jḥ.w n Jmn; jm.j-rʾ pr m Mn-nfr; jm.j-rʾ pr wr m Mn-nfr; sẖꜣ.w nsw; sẖꜣ.w pr ḥḏ n ḥḏ nbw n nb tꜣ.wj; sẖꜣ.w pr ḥḏ n nb tꜣ.wj; sšm.w ḥꜣb n nb Mꜣꜥ.t"
649,"architectural element","jamb","JE 8383","Originally installed in the central chapel, (north jamb) of the tomb of Ptahemwia","It was acquired with the Huber collection in 1859. TN 6.11.26.5",15,"Amenhotep IV/ Akhenaten–Tutankhamun",85,"Saqqara","Unas-Cemetery","Tomb of Ptahemwia",140,"Tomb of Ptahemwia (025/USC)","Egypt","N 29°51""57.76'","E 31°13""04.05'","Egyptian Museum","953","wbꜣ nsw wꜥb ꜥ.wj"
2220,"architectural element","wall-fragment",,"Originally installed in the southern reveal of the entrance to the Central chapel in the tomb of Ptahemwia ",,15,"Amenhotep IV/ Akhenaten–Tutankhamun",85,"Saqqara","Unas-Cemetery","Tomb of Ptahemwia",140,"Tomb of Ptahemwia (025/USC)","Egypt","N 29°51""57.76'","E 31°13""04.05'",,"953","wbꜣ nsw wꜥb ꜥ.wj"
157,"architectural element","pilaster","MCA-EGI-EG 1891","On the north wall of the courtyard in the tomb of Ptahemwia, the figure of the tomb owner would have faced toward the centre of the wall rather than toward the corner of the courtyard.","found between 1824 and 1827 by Nizzoli. Nizzoli sold his second collection in 1824 to Leopold II of Tuscany. Palagi acquired the third Nizzoli collection, including the pilaster, in 1831. ",15,"Amenhotep IV/ Akhenaten–Tutankhamun",85,"Saqqara","Unas-Cemetery","Tomb of Ptahemwia",140,"Tomb of Ptahemwia (025/USC)","Egypt","N 29°51""57.76'","E 31°13""04.05'","Collection of Giuseppi di Nizzoli; Collection of Pelagio Palagi; Museo Civico Archeologico","953","wbꜣ nsw wꜥb ꜥ.wj"
666,"architectural unit","tomb","025/USC","Discovered by the Leiden archaeological mission (2007)",,15,"Amenhotep IV/ Akhenaten–Tutankhamun",85,"Saqqara","Unas-Cemetery","Tomb of Ptahemwia",140,"Tomb of Ptahemwia (025/USC)","Egypt","N 29°51""57.76'","E 31°13""04.05'",,"953","wbꜣ nsw wꜥb ꜥ.wj"
2213,"architectural element","wall-fragment","2001-R49, 2001-R150–167, 2001-R175–190, 2001-R200, 2001-R208, 2001-R210–211, 2001-R214, 2002-R49, 2001-R203, 2001-R209","South reveal of the entrance to the tomb of Meryneith",,15,"Amenhotep IV/ Akhenaten–Tutankhamun",86,"Saqqara","Unas-Cemetery","Tomb of Meryneith",148,"Tomb of Meryneith (032/USC)","Egypt","N 29°51""57.88"" ","E 31°13""02.96'",,"1093; 1094; 1095; 975; 976; 977","ḥm nṯr tp.j m ḥw.t Nj.t; jm.j-rʾ pr n Jtn m Mn-nfr; jm.j-rʾ pr n pr Jtn; sẖꜣ.w n Jtn m ꜣḫ.t-Jtn m Mn-nfr; sẖꜣ.w n pr Jtn m ꜣḫ.t-Jtn m Mn-nfr; wr mꜣ.w n pꜣ Jtn"
1696,"architectural element","wall-fragment","ÄM 12694",,,15,"Amenhotep IV/ Akhenaten–Tutankhamun",86,"Saqqara","Unas-Cemetery","Tomb of Meryneith",148,"Tomb of Meryneith (032/USC)","Egypt","N 29°51""57.88"" ","E 31°13""02.96'","Ägyptisches Museum und Papyrussammlung; Collection of Carl August Reinhardt","1093; 1094; 1095; 975; 976; 977","ḥm nṯr tp.j m ḥw.t Nj.t; jm.j-rʾ pr n Jtn m Mn-nfr; jm.j-rʾ pr n pr Jtn; sẖꜣ.w n Jtn m ꜣḫ.t-Jtn m Mn-nfr; sẖꜣ.w n pr Jtn m ꜣḫ.t-Jtn m Mn-nfr; wr mꜣ.w n pꜣ Jtn"
225,"architectural element","wall-fragment","ÄM 2070",,"formerly General Franz von Koller collection (1828)",15,"Amenhotep IV/ Akhenaten–Tutankhamun",86,"Saqqara","Unas-Cemetery","Tomb of Meryneith",148,"Tomb of Meryneith (032/USC)","Egypt","N 29°51""57.88"" ","E 31°13""02.96'","Ägyptisches Museum und Papyrussammlung; Collection of General Franz von Koller","1093; 1094; 1095; 975; 976; 977","ḥm nṯr tp.j m ḥw.t Nj.t; jm.j-rʾ pr n Jtn m Mn-nfr; jm.j-rʾ pr n pr Jtn; sẖꜣ.w n Jtn m ꜣḫ.t-Jtn m Mn-nfr; sẖꜣ.w n pr Jtn m ꜣḫ.t-Jtn m Mn-nfr; wr mꜣ.w n pꜣ Jtn"
224,"architectural element","wall-fragment","E 10595",,"purchased by E. A. Abemayor in 1920",15,"Amenhotep IV/ Akhenaten–Tutankhamun",86,"Saqqara","Unas-Cemetery","Tomb of Meryneith",148,"Tomb of Meryneith (032/USC)","Egypt","N 29°51""57.88"" ","E 31°13""02.96'","Oriental Institute Museum","1093; 1094; 1095; 975; 976; 977","ḥm nṯr tp.j m ḥw.t Nj.t; jm.j-rʾ pr n Jtn m Mn-nfr; jm.j-rʾ pr n pr Jtn; sẖꜣ.w n Jtn m ꜣḫ.t-Jtn m Mn-nfr; sẖꜣ.w n pr Jtn m ꜣḫ.t-Jtn m Mn-nfr; wr mꜣ.w n pꜣ Jtn"
1714,"architectural element","wall-fragment","MMA 21.2.25",,"purchased from Khaouam Brothers (Cairo, 1921, Rogers Fund)",15,"Amenhotep IV/ Akhenaten–Tutankhamun",86,"Saqqara","Unas-Cemetery","Tomb of Meryneith",148,"Tomb of Meryneith (032/USC)","Egypt","N 29°51""57.88"" ","E 31°13""02.96'","Metropolitan Museum of Art","1093; 1094; 1095; 975; 976; 977","ḥm nṯr tp.j m ḥw.t Nj.t; jm.j-rʾ pr n Jtn m Mn-nfr; jm.j-rʾ pr n pr Jtn; sẖꜣ.w n Jtn m ꜣḫ.t-Jtn m Mn-nfr; sẖꜣ.w n pr Jtn m ꜣḫ.t-Jtn m Mn-nfr; wr mꜣ.w n pꜣ Jtn"
1689,"architectural element","wall-fragment",,,,15,"Amenhotep IV/ Akhenaten–Tutankhamun",86,"Saqqara","Unas-Cemetery","Tomb of Meryneith",148,"Tomb of Meryneith (032/USC)","Egypt","N 29°51""57.88"" ","E 31°13""02.96'","Private Collection (USA)","1093; 1094; 1095; 975; 976; 977","ḥm nṯr tp.j m ḥw.t Nj.t; jm.j-rʾ pr n Jtn m Mn-nfr; jm.j-rʾ pr n pr Jtn; sẖꜣ.w n Jtn m ꜣḫ.t-Jtn m Mn-nfr; sẖꜣ.w n pr Jtn m ꜣḫ.t-Jtn m Mn-nfr; wr mꜣ.w n pꜣ Jtn"
226,"architectural element","wall-fragment",,"Excavated by Auguste Mariette (1850) in the vicinity of Mastaba el-Faroun (Saqqara-South)",,15,"Amenhotep IV/ Akhenaten–Tutankhamun",86,"Saqqara","Unas-Cemetery","Tomb of Meryneith",148,"Tomb of Meryneith (032/USC)","Egypt","N 29°51""57.88"" ","E 31°13""02.96'","Main Magazine (Giza)","1093; 1094; 1095; 975; 976; 977","ḥm nṯr tp.j m ḥw.t Nj.t; jm.j-rʾ pr n Jtn m Mn-nfr; jm.j-rʾ pr n pr Jtn; sẖꜣ.w n Jtn m ꜣḫ.t-Jtn m Mn-nfr; sẖꜣ.w n pr Jtn m ꜣḫ.t-Jtn m Mn-nfr; wr mꜣ.w n pꜣ Jtn"
671,"architectural unit","tomb","032/USC, H9 (Mariette)","Discovered by Auguste Mariette (1850); Leiden archaeological mission (2001, 2007/2008)",,15,"Amenhotep IV/ Akhenaten–Tutankhamun",86,"Saqqara","Unas-Cemetery","Tomb of Meryneith",148,"Tomb of Meryneith (032/USC)","Egypt","N 29°51""57.88"" ","E 31°13""02.96'",,"1093; 1094; 1095; 975; 976; 977","ḥm nṯr tp.j m ḥw.t Nj.t; jm.j-rʾ pr n Jtn m Mn-nfr; jm.j-rʾ pr n pr Jtn; sẖꜣ.w n Jtn m ꜣḫ.t-Jtn m Mn-nfr; sẖꜣ.w n pr Jtn m ꜣḫ.t-Jtn m Mn-nfr; wr mꜣ.w n pꜣ Jtn"
1023,"statue","seated figure","JE 99076","tomb of Merytneith",,15,"Amenhotep IV/ Akhenaten–Tutankhamun",86,"Saqqara","Unas-Cemetery","Tomb of Meryneith",148,"Tomb of Meryneith (032/USC)","Egypt","N 29°51""57.88"" ","E 31°13""02.96'","Egyptian Museum","1093; 1094; 1095; 975; 976; 977","ḥm nṯr tp.j m ḥw.t Nj.t; jm.j-rʾ pr n Jtn m Mn-nfr; jm.j-rʾ pr n pr Jtn; sẖꜣ.w n Jtn m ꜣḫ.t-Jtn m Mn-nfr; sẖꜣ.w n pr Jtn m ꜣḫ.t-Jtn m Mn-nfr; wr mꜣ.w n pꜣ Jtn"
701,"(tomb) equipment","canopics","AAL 4b",,"formerly Anastasi collection (1829)",15,"Amenhotep IV/ Akhenaten–Tutankhamun",126,"Saqqara",,,,,,,,"Collection of Giovanni Anastasi; Rijksmuseum van Oudheden",,
1856,"(tomb) equipment","canopics","AAL 4a",,"formerly Anastasi collection (1829)",15,"Amenhotep IV/ Akhenaten–Tutankhamun",169,"Saqqara",,"Tomb of Ipy",,,,,,"Collection of Giovanni Anastasi; Rijksmuseum van Oudheden","1106; 1122; 1503; 363; 42; 575; 665","bꜣk n pr ḏ.t; ḥm nṯr tp.j n Ptḥ m pꜣ bꜥḥ; jm.j-rʾ pr n Mn-nfr; jm.j-rʾ pr wr n Jnb.w-ḥḏ.w; jm.j-rʾ pr wr n Mn-nfr; sẖꜣ.w nsw mꜣꜥ; sšm.w ḥꜣb n nb Mꜣꜥ.t"
1642,"architectural element","wall-fragment","AP 40",,"formerly Anastasi collection (1828)",15,"Amenhotep IV/ Akhenaten–Tutankhamun",,,,,,,,,,"Collection of Giovanni Anastasi; Rijksmuseum van Oudheden",,
326,"small finds","tools & implements","EG-ZM2922",,"acquired between 1818 and 1840",15,"Amenhotep IV/ Akhenaten–Tutankhamun",,,,,,,,,,"Rijksmuseum van Oudheden",,
70,"stela","round-topped stela","JE 28019","Daressy notes in his publication of this stela (RT 16, 1894, p. 123) that it was found on 11 December 1887 “in the chapel where the inscription mentioning the restoration of the temple of the Sphinx had been discovered” — in other words, the Stela of the Daughter of Cheops, without it being known whether it was still in its original location or not","CG 34187",16,"Ay",22,"Giza","Chapel of Isis",,,,,,,"Egyptian Museum",,
445,"stela","round-topped stela","BM EA 211",,"formerly Henry Salt collection (1821)",16,"Ay",,,,,,,,,,"British Museum; Collection of Henry Salt",,
45,"architectural element","libation basin",,"excavated by M. Jacquet in the sanctuary of Ramses II at Mit Rahina during the summer 1955 while he was conducting a supplementary excavation on behalf of the University Museum, University of Pennsylvania",,30,"Tutankhamun",35,"Mit Rahina","Temple of Ptah",,171,"Temple of Ptah","Egypt","N 29°51'8.43""","E 31°15'14.40""",,,
1667,"stela","round-topped stela","UC 14470",,,30,"Tutankhamun",35,"Mit Rahina","Temple of Ptah",,171,"Temple of Ptah","Egypt","N 29°51'8.43""","E 31°15'14.40""","Petrie Museum of Egyptian Archaeology",,
216,"stela","unspecified","CG 34186",,,30,"Tutankhamun",35,"Mit Rahina","Temple of Ptah",,171,"Temple of Ptah","Egypt","N 29°51'8.43""","E 31°15'14.40""","Egyptian Museum",,
1319,"architectural unit","tomb","355/Bub, Bub. I.20","excavated by French Ministry of Foreign Affairs and Centre National de la Recherche Scientifique under the direction of A.-P. Zivie",,30,"Tutankhamun",55,"Saqqara","Falaise du Bubasteion","Tomb of Maia",176,"Tomb of Maia (355/Bub)","Egypt","N 29°52'22.94""","E 31°13'25.97""",,,
711,"architectural element","jamb","E 3028 a","Excavated by Auguste Mariette (1851) in the Serapeum Complex.","B 48, IM 2614, N 151. Acquired in 1854.",30,"Tutankhamun",65,"Saqqara","Serapeum",,166,"Serapeum","Egypt","N 29°52'28.99"" ","E 31°12'44.70""","Musée du Louvre",,
1463,"architectural element","wall-fragment","TN 17.6.24.13","Discovered by J. E. Quibell and A. G. K. Hayter (1912–14), SCA mission",,30,"Tutankhamun",73,"Saqqara","Teti-Cemetery","Tomb of Ipuia",152,"Tomb of Ipuia (212/TPC)","Egypt","N 29°52'34.68""","E 31°13'17.78""","Egyptian Museum","109; 246","ḥr.j nb.jjw n nb tꜣ.wj; jm.j-rʾ ḥmw.ww"
581,"architectural element","wall-fragment","TN 21.6.24.12","Discovered by J. E. Quibell and A. G. K. Hayter (1912–14), SCA mission",,30,"Tutankhamun",73,"Saqqara","Teti-Cemetery","Tomb of Ipuia",152,"Tomb of Ipuia (212/TPC)","Egypt","N 29°52'34.68""","E 31°13'17.78""","Egyptian Museum","109; 246","ḥr.j nb.jjw n nb tꜣ.wj; jm.j-rʾ ḥmw.ww"
25,"architectural element","wall-fragment","TN 21.6.24.16","Discovered by J. E. Quibell and A. G. K. Hayter (1912–14), SCA mission","TN 29.6.24.1",30,"Tutankhamun",73,"Saqqara","Teti-Cemetery","Tomb of Ipuia",152,"Tomb of Ipuia (212/TPC)","Egypt","N 29°52'34.68""","E 31°13'17.78""","Egyptian Museum","109; 246","ḥr.j nb.jjw n nb tꜣ.wj; jm.j-rʾ ḥmw.ww"
2101,"architectural unit","tomb","212/TPC, S 2730","Discovered by J. E. Quibell and A. G. K. Hayter (1912–14), SCA mission",,30,"Tutankhamun",73,"Saqqara","Teti-Cemetery","Tomb of Ipuia",152,"Tomb of Ipuia (212/TPC)","Egypt","N 29°52'34.68""","E 31°13'17.78""",,"109; 246","ḥr.j nb.jjw n nb tꜣ.wj; jm.j-rʾ ḥmw.ww"
582,"statue","standing figure","JE 44884","Discovered by J. E. Quibell and A. G. K. Hayter (1914), SCA mission",,30,"Tutankhamun",73,"Saqqara","Teti-Cemetery","Tomb of Ipuia",152,"Tomb of Ipuia (212/TPC)","Egypt","N 29°52'34.68""","E 31°13'17.78""","Egyptian Museum","109; 246","ḥr.j nb.jjw n nb tꜣ.wj; jm.j-rʾ ḥmw.ww"
900,"stela","round-topped stela","JE 44722","Discovered by J. E. Quibell and A. G. K. Hayter (1912–14), SCA mission",,30,"Tutankhamun",73,"Saqqara","Teti-Cemetery","Tomb of Ipuia",152,"Tomb of Ipuia (212/TPC)","Egypt","N 29°52'34.68""","E 31°13'17.78""","Egyptian Museum","109; 246","ḥr.j nb.jjw n nb tꜣ.wj; jm.j-rʾ ḥmw.ww"
1462,"stela","unspecified","TN 27.3.25.17",,,30,"Tutankhamun",73,"Saqqara","Teti-Cemetery","Tomb of Ipuia",152,"Tomb of Ipuia (212/TPC)","Egypt","N 29°52'34.68""","E 31°13'17.78""","Egyptian Museum","109; 246","ḥr.j nb.jjw n nb tꜣ.wj; jm.j-rʾ ḥmw.ww"
1543,"architectural element","column","TNE 94: F120",,,30,"Tutankhamun",74,"Saqqara","Teti-Cemetery","Tomb of Amenemone",177,"Tomb of Amenemone (213/TPC)","Egypt","N 29°52'35.64"" ","E 31°13'18.85""",,,
1540,"architectural element","column","TNE 94: F121",,,30,"Tutankhamun",74,"Saqqara","Teti-Cemetery","Tomb of Amenemone",177,"Tomb of Amenemone (213/TPC)","Egypt","N 29°52'35.64"" ","E 31°13'18.85""","Main Magazine (Saqqara)",,
1538,"architectural element","column","TNE 94: F122",,,30,"Tutankhamun",74,"Saqqara","Teti-Cemetery","Tomb of Amenemone",177,"Tomb of Amenemone (213/TPC)","Egypt","N 29°52'35.64"" ","E 31°13'18.85""","Main Magazine (Saqqara)",,
1539,"architectural element","column","TNE 96: F3 +TNE 94: 123",,,30,"Tutankhamun",74,"Saqqara","Teti-Cemetery","Tomb of Amenemone",177,"Tomb of Amenemone (213/TPC)","Egypt","N 29°52'35.64"" ","E 31°13'18.85""","Main Magazine (Saqqara)",,
248,"architectural element","jamb","GL 298",,"formerly Freiherr Friedrich Wilhelm von Bissing collection, purchased in Cairo in 1906",30,"Tutankhamun",74,"Saqqara","Teti-Cemetery","Tomb of Amenemone",177,"Tomb of Amenemone (213/TPC)","Egypt","N 29°52'35.64"" ","E 31°13'18.85""","Collection of Freiherr Friedrich Wilhelm von Bissing; Staatliche Sammlung Ägyptischer Kunst",,
712,"architectural element","pyramidion","JE 41665",,"stored in the Old Kingdom tomb of Ankhmahor",30,"Tutankhamun",74,"Saqqara","Teti-Cemetery","Tomb of Amenemone",177,"Tomb of Amenemone (213/TPC)","Egypt","N 29°52'35.64"" ","E 31°13'18.85""","Egyptian Museum",,
801,"architectural element","wall-fragment","ÆIN 716",,,30,"Tutankhamun",74,"Saqqara","Teti-Cemetery","Tomb of Amenemone",177,"Tomb of Amenemone (213/TPC)","Egypt","N 29°52'35.64"" ","E 31°13'18.85""","Ny Carlsberg Glyptotek",,
40,"architectural element","wall-fragment","JE 11975",,"TN 5.7.24.15",30,"Tutankhamun",74,"Saqqara","Teti-Cemetery","Tomb of Amenemone",177,"Tomb of Amenemone (213/TPC)","Egypt","N 29°52'35.64"" ","E 31°13'18.85""","Egyptian Museum",,
715,"architectural element","wall-fragment","TN 17.6.25.1a",,,30,"Tutankhamun",74,"Saqqara","Teti-Cemetery","Tomb of Amenemone",177,"Tomb of Amenemone (213/TPC)","Egypt","N 29°52'35.64"" ","E 31°13'18.85""","Egyptian Museum",,
716,"architectural element","wall-fragment","TN 17.6.25.1b",,,30,"Tutankhamun",74,"Saqqara","Teti-Cemetery","Tomb of Amenemone",177,"Tomb of Amenemone (213/TPC)","Egypt","N 29°52'35.64"" ","E 31°13'18.85""","Egyptian Museum",,
717,"architectural element","wall-fragment","TN 17.6.25.1c",,,30,"Tutankhamun",74,"Saqqara","Teti-Cemetery","Tomb of Amenemone",177,"Tomb of Amenemone (213/TPC)","Egypt","N 29°52'35.64"" ","E 31°13'18.85""","Egyptian Museum",,
718,"architectural element","wall-fragment","TN 17.6.25.1d",,,30,"Tutankhamun",74,"Saqqara","Teti-Cemetery","Tomb of Amenemone",177,"Tomb of Amenemone (213/TPC)","Egypt","N 29°52'35.64"" ","E 31°13'18.85""","Egyptian Museum",,
719,"architectural element","wall-fragment","TN 17.6.25.1e","tomb of Amenemone",,30,"Tutankhamun",74,"Saqqara","Teti-Cemetery","Tomb of Amenemone",177,"Tomb of Amenemone (213/TPC)","Egypt","N 29°52'35.64"" ","E 31°13'18.85""","Egyptian Museum",,
720,"architectural element","wall-fragment","TN 17.6.25.1f",,,30,"Tutankhamun",74,"Saqqara","Teti-Cemetery","Tomb of Amenemone",177,"Tomb of Amenemone (213/TPC)","Egypt","N 29°52'35.64"" ","E 31°13'18.85""","Egyptian Museum",,
1468,"architectural element","wall-fragment","TN 5.7.11",,,30,"Tutankhamun",74,"Saqqara","Teti-Cemetery","Tomb of Amenemone",177,"Tomb of Amenemone (213/TPC)","Egypt","N 29°52'35.64"" ","E 31°13'18.85""","Egyptian Museum",,
1537,"architectural element","wall-fragment","TNE 94: F105","discovered in two pieces during the Macquarie excavations in 1994",,30,"Tutankhamun",74,"Saqqara","Teti-Cemetery","Tomb of Amenemone",177,"Tomb of Amenemone (213/TPC)","Egypt","N 29°52'35.64"" ","E 31°13'18.85""","Main Magazine (Saqqara)",,
660,"architectural unit","tomb","213/TPC, 2 (Loret)","discovered by V. Loret 1898–9; Macquarie University archaeological mission 1995–96",,30,"Tutankhamun",74,"Saqqara","Teti-Cemetery","Tomb of Amenemone",177,"Tomb of Amenemone (213/TPC)","Egypt","N 29°52'35.64"" ","E 31°13'18.85""",,,
713,"statue","seated figure","TN 8.6.24.10",,"stored in the Old Kingdom tomb of Ankhmahor",30,"Tutankhamun",74,"Saqqara","Teti-Cemetery","Tomb of Amenemone",177,"Tomb of Amenemone (213/TPC)","Egypt","N 29°52'35.64"" ","E 31°13'18.85""","Egyptian Museum",,
176,"stela","rectangular-stela","TN 10.6.24.8",,"SR 11732, purchased in 1924",30,"Tutankhamun",74,"Saqqara","Teti-Cemetery","Tomb of Amenemone",177,"Tomb of Amenemone (213/TPC)","Egypt","N 29°52'35.64"" ","E 31°13'18.85""","Egyptian Museum",,
1542,"(tomb) equipment","shabti","TNE 96: 123",,,30,"Tutankhamun",74,"Saqqara","Teti-Cemetery","Tomb of Amenemone",177,"Tomb of Amenemone (213/TPC)","Egypt","N 29°52'35.64"" ","E 31°13'18.85""",,,
860,"architectural element","jamb","2600",,"Schiaparelli no 1605",30,"Tutankhamun",87,"Saqqara","Unas-Cemetery","Tomb of Pay & Raia",175,"Tomb of Pay and Raia (017/USC, 042/USC)","Egypt","N 29°51'57.36""","E 31°13'01.84""","Museo Egizio",,
868,"architectural element","lintel",,"discovered during the excavations in the Valley Temple of King Unas bei A. Moussa. It may originally have been installed in the tomb of Pay at Saqqara (Unas Cemetery).",,30,"Tutankhamun",87,"Saqqara","Unas-Cemetery","Tomb of Pay & Raia",175,"Tomb of Pay and Raia (017/USC, 042/USC)","Egypt","N 29°51'57.36""","E 31°13'01.84""",,,
756,"architectural element","pyramidion","D 21","The pyramidion was originally installed atop the funerary pyramid of the tomb of Pay.","N 362; formerly collection of Baron Taylor, Isidore Justin Séverin (1832)",30,"Tutankhamun",87,"Saqqara","Unas-Cemetery","Tomb of Pay & Raia",175,"Tomb of Pay and Raia (017/USC, 042/USC)","Egypt","N 29°51'57.36""","E 31°13'01.84""","Musée du Louvre",,
861,"architectural element","wall-fragment","2601",,"Schiaparelli no 1606",30,"Tutankhamun",87,"Saqqara","Unas-Cemetery","Tomb of Pay & Raia",175,"Tomb of Pay and Raia (017/USC, 042/USC)","Egypt","N 29°51'57.36""","E 31°13'01.84""","Museo Egizio",,
862,"architectural element","wall-fragment","NI 104 & 235",,"permanently loan to Musée du Louvre, in no E 15562",30,"Tutankhamun",87,"Saqqara","Unas-Cemetery","Tomb of Pay & Raia",175,"Tomb of Pay and Raia (017/USC, 042/USC)","Egypt","N 29°51'57.36""","E 31°13'01.84""","Musée Auguste Rodin",,
2190,"architectural element","wall-fragment",,"south screen wall of the antechapel of the tomb of Pay and Raia, east face. Found with face down on the pavement.",,30,"Tutankhamun",87,"Saqqara","Unas-Cemetery","Tomb of Pay & Raia",175,"Tomb of Pay and Raia (017/USC, 042/USC)","Egypt","N 29°51'57.36""","E 31°13'01.84""",,,
2191,"stela","falsedoor-stela",,"The stela was originally installed as central stela at the west wall of the sanctuary of the tomb of Pay",,30,"Tutankhamun",87,"Saqqara","Unas-Cemetery","Tomb of Pay & Raia",175,"Tomb of Pay and Raia (017/USC, 042/USC)","Egypt","N 29°51'57.36""","E 31°13'01.84""",,,
864,"stela","round-topped stela","BM EA 156",,"formerly d'Athanasi collection (1845)",30,"Tutankhamun",87,"Saqqara","Unas-Cemetery","Tomb of Pay & Raia",175,"Tomb of Pay and Raia (017/USC, 042/USC)","Egypt","N 29°51'57.36""","E 31°13'01.84""","British Museum; Collection of Giovanni d'Athanasi/ Dimitrios Papandriopulos; Sotheby's",,
865,"stela","round-topped stela","MMA 04.2.527 + R 94-76 + R 94-62 + 2004-R1, R 94-70, R 95-2, R 96-5, R 96-2","The stela was most likely erected against the south jamb of the antechapel entrance.","formerly judge Albert E. Farman collection, formed when he was U.S. consul general in Egypt 1876–84. Donated to the museum by Darius Ogden Mills, New York, in 1904.",30,"Tutankhamun",87,"Saqqara","Unas-Cemetery","Tomb of Pay & Raia",175,"Tomb of Pay and Raia (017/USC, 042/USC)","Egypt","N 29°51'57.36""","E 31°13'01.84""","Collection of Elbert E. Farman; Metropolitan Museum of Art",,
96,"(tomb) equipment","shabti","N 2657","tomb of Pay and Raia","formerly collection Durand (1825)",30,"Tutankhamun",87,"Saqqara","Unas-Cemetery","Tomb of Pay & Raia",175,"Tomb of Pay and Raia (017/USC, 042/USC)","Egypt","N 29°51'57.36""","E 31°13'01.84""","Collection of Edmé Antoine Durand; Musée du Louvre",,
870,"(tomb) equipment","shabti","SAK 2009-24",,,30,"Tutankhamun",87,"Saqqara","Unas-Cemetery","Tomb of Pay & Raia",175,"Tomb of Pay and Raia (017/USC, 042/USC)","Egypt","N 29°51'57.36""","E 31°13'01.84""","Main Magazine (Saqqara)",,
2125,"architectural element","doorway","CTS-SB-06202",,,30,"Tutankhamun",89,"Saqqara","Unas-Cemetery","Tomb of Ry",174,"Tomb of Ry (038/USC)","Egypt","N 29°51'57.26""","E 31°13'02.73""","Flagellation Museum, Museum of the Studium Biblicum Franciscanum",,
1554,"architectural element","pyramidion","JE 48840","The pyramidion of Ry was first thought to have come from Abydos. According to his own recollection, Auguste Mariette (1821–81) had excavated it there on the east slope of the central cemetery. Curiously, in the Journal d’entrée of the Egyptian Museum in Cairo, it is noted that the object was found “at Memphis”. The apparent mix-up has recently been cleared. Mariette’s unpublished inventaire, the precursor of the Journal d’entrée, lists the pyramidion among the finds he made at Saqqara in February 1861. In the late 1850s and early
1860s, Mariette engaged in excavations south of the Step Pyramid at Saqqara to gather a collection for the soon-to-be-opened Boulaq Museum.","previously JE 14975, SR 13738",30,"Tutankhamun",89,"Saqqara","Unas-Cemetery","Tomb of Ry",174,"Tomb of Ry (038/USC)","Egypt","N 29°51'57.26""","E 31°13'02.73""","Egyptian Museum",,
2074,"architectural element","wall-fragment","37.39 E",,,30,"Tutankhamun",89,"Saqqara","Unas-Cemetery","Tomb of Ry",174,"Tomb of Ry (038/USC)","Egypt","N 29°51'57.26""","E 31°13'02.73""","The Brooklyn Museum",,
1557,"architectural element","wall-fragment","ÄM 7275","The wall-fragment was originally installed on the north wall of the inner chapel of the tomb of Ry","formerly Guiseppe Passalacqua collection (1827)",30,"Tutankhamun",89,"Saqqara","Unas-Cemetery","Tomb of Ry",174,"Tomb of Ry (038/USC)","Egypt","N 29°51'57.26""","E 31°13'02.73""","Ägyptisches Museum und Papyrussammlung; Collection of Huber?",,
1550,"architectural element","wall-fragment","ÄM 7277",,"formerly Guiseppe Passalacqua collection (1827)",30,"Tutankhamun",89,"Saqqara","Unas-Cemetery","Tomb of Ry",174,"Tomb of Ry (038/USC)","Egypt","N 29°51'57.26""","E 31°13'02.73""","Ägyptisches Museum und Papyrussammlung; Collection of Huber?",,
77,"architectural element","wall-fragment","ÄM 7278",,"formerly Guiseppe Passalacqua collection (1827)",30,"Tutankhamun",89,"Saqqara","Unas-Cemetery","Tomb of Ry",174,"Tomb of Ry (038/USC)","Egypt","N 29°51'57.26""","E 31°13'02.73""","Ägyptisches Museum und Papyrussammlung; Collection of Guiseppe Passalacqua",,
2124,"architectural element","wall-fragment","R94-78",,,30,"Tutankhamun",89,"Saqqara","Unas-Cemetery","Tomb of Ry",174,"Tomb of Ry (038/USC)","Egypt","N 29°51'57.26""","E 31°13'02.73""","Main Magazine (Saqqara)",,
2073,"architectural unit","tomb","038/USC, LS 25 (Lepsius)","discovered by C. R. Lepsius (1834), Leiden archaeological mission (2013)",,30,"Tutankhamun",89,"Saqqara","Unas-Cemetery","Tomb of Ry",174,"Tomb of Ry (038/USC)","Egypt","N 29°51'57.26""","E 31°13'02.73""",,,
1549,"stela","falsedoor-stela","ÄM 7290","The stela was originally installed on the west wall of the inner sanctuary of the tomb of Ry.","formerly Guiseppe Passalacqua collection (1827)",30,"Tutankhamun",89,"Saqqara","Unas-Cemetery","Tomb of Ry",174,"Tomb of Ry (038/USC)","Egypt","N 29°51'57.26""","E 31°13'02.73""","Ägyptisches Museum und Papyrussammlung",,
287,"stela","unspecified","37.46 E",,,30,"Tutankhamun",89,"Saqqara","Unas-Cemetery","Tomb of Ry",174,"Tomb of Ry (038/USC)","Egypt","N 29°51'57.26""","E 31°13'02.73""","The Brooklyn Museum",,
2229,"architectural element","wall-fragment",,"From the northern wall of the main chapel of the tomb of Hatiay discovered by the SCA archaeological mission in the 1990s.",,30,"Tutankhamun",101,"Saqqara","Teti-Cemetery","Tomb of Hatiay",153,"Tomb of Hatiay (228/TPC)","Egypt","N 29°52'35.22""","E 31°13'21.18""","Main Magazine (Saqqara)","93","ḥr.j jr.j ḫsbḏ"
2225,"architectural unit","tomb","228/TPC","Discovered by SCA archaeological mission (1990s)",,30,"Tutankhamun",101,"Saqqara","Teti-Cemetery","Tomb of Hatiay",153,"Tomb of Hatiay (228/TPC)","Egypt","N 29°52'35.22""","E 31°13'21.18""",,"93","ḥr.j jr.j ḫsbḏ"
2216,"stela","round-topped stela",,"Seven fragments of it were recovered from the debris of the upper layers located to the southeast of the tomb; this took place during the 2007 excavation season, when these layers were being removed with a loader. It appears that this stela had already been broken into several pieces in antiquity and was scattered during the excavations carried out at the site since the end of the 19th century. It was found in the debris around the mudbrick enclosure wall of the temple of Anubis",,30,"Tutankhamun",101,"Saqqara","Teti-Cemetery","Tomb of Hatiay",153,"Tomb of Hatiay (228/TPC)","Egypt","N 29°52'35.22""","E 31°13'21.18""","Main Magazine (Saqqara)","93","ḥr.j jr.j ḫsbḏ"
330,"stela","falsedoor-stela","TN 2.11.24.1","A doubt remains regarding whether the stela originates from Saqqara or Abydos; it is kept in the Egyptian Museum Cairo (Staring 2022, 386–387; Pasquali 2017, 577). ",,30,"Tutankhamun",129,"Abydos",,,,,,,,"Egyptian Museum",,
941,"architectural element","wall-fragment","ÄM 12411",,"formerly Carl August Reinhardt collection (1894)",30,"Tutankhamun",168,"Saqqara",,"Tomb of Ptahemhat Ty",,,,,,"Ägyptisches Museum und Papyrussammlung; Collection of Carl August Reinhardt","794; 928","sm n Pth; wr ḫrp ḥmw.w"
944,"small finds","vessels & container","E 8420",,"formerly collection of G. Stier (1887)",30,"Tutankhamun",168,"Saqqara",,"Tomb of Ptahemhat Ty",,,,,,"Musée du Louvre","794; 928","sm n Pth; wr ḫrp ḥmw.w"
942,"stela","round-topped stela","BM EA 972",,"purchased from Miss Selima Harris in 1875, formerly Anthony Charles Harris collection",30,"Tutankhamun",168,"Saqqara",,"Tomb of Ptahemhat Ty",,,,,,"British Museum; Collection of  Anthony Charles Harris","794; 928","sm n Pth; wr ḫrp ḥmw.w"
164,"stela","unspecified","1",,"formerly Amherst collection (1921)",30,"Tutankhamun",168,"Saqqara",,"Tomb of Ptahemhat Ty",,,,,,"Collection of William Tyssen–Amherst, 1st Baron Amherst of Hackney","794; 928","sm n Pth; wr ḫrp ḥmw.w"
943,"stela","unspecified","213",,,30,"Tutankhamun",168,"Saqqara",,"Tomb of Ptahemhat Ty",,,,,,"Collection of Rudolf Mosse","794; 928","sm n Pth; wr ḫrp ḥmw.w"
2184,"architectural unit","tomb","216/TPC","Discovered by SCA archaeological mission (1990s)",,30,"Tutankhamun",173,"Saqqara","Teti-Cemetery","Tomb of Pakharu",160,"Tomb of Pakharu (216/TPC)","Egypt","N 29°52'34.50""","E 31°13'20.28""",,,
2,"stela","falsedoor-stela","10864",,,30,"Tutankhamun",175,"Saqqara","Unas-Cemetery","Tomb of Ny",178,"Unas-Cemetery","Egypt","N 29°51'59.80""","E 31°13'02.87""","Ancient Oriental Museum","1537; 1538; 55; 65; 749","ḥmw.w; ḥr.j nb.jjw n pr Ptḥ; wꜥb; wꜥb n ḥꜣ.t n Ptḥ ꜥq ḥr ḏsr m ḥw.t nbw n Ptḥ; wꜥb wnmj"
1699,"stela","round-topped stela","2001-R277, 2013-R31","discovered by the Leiden archaeological mission, south of the southeastern chapel of Merytneith",,30,"Tutankhamun",175,"Saqqara","Unas-Cemetery","Tomb of Ny",178,"Unas-Cemetery","Egypt","N 29°51'59.80""","E 31°13'02.87""","Main Magazine (Saqqara)","1537; 1538; 55; 65; 749","ḥmw.w; ḥr.j nb.jjw n pr Ptḥ; wꜥb; wꜥb n ḥꜣ.t n Ptḥ ꜥq ḥr ḏsr m ḥw.t nbw n Ptḥ; wꜥb wnmj"
2215,"architectural unit","tomb","227/TPC","Discovered by the SCA archaeological mission in the 1997 east of the funerary temple of Queen Iput.",,30,"Tutankhamun",176,"Saqqara","Teti-Cemetery","Tomb of Hatiay",154,"Tomb of Hatiay (227/TPC)","Egypt","N 29°52'35.02""","E 31°13'21.12""",,"56; 66","ḥmw.w n Ptḥ; ḥr.j ḥmw.w n Ptḥ"
46,"stela","falsedoor-stela","MG 1963",,"Rapporté d'Egypte en 1842 par Louis de Saint-Ferriol, Don de Gabriel de Saint-Ferriol, fils du comte Louis de Saint-Ferriol,en 1916",30,"Tutankhamun",182,"Saqqara","Teti-Cemetery","Tomb of Amenemhat",179,"Teti-Cemetery","Egypt","N 29°52'34.53""","E 31°13'18.61""","Musée de Peinture et de Sculpture","107","ḥr.j nb.jjw"
1355,"other text documents","papyrus","237128 (21884)",,,30,"Tutankhamun",,,,,,,,,,"National Museum in Warsaw",,
485,"stela","falsedoor-stela","AP 9",,"formerly Anastasi collection (1828)",30,"Tutankhamun",,,,,,,,,,"Collection of Giovanni Anastasi; Rijksmuseum van Oudheden",,
116,"stela","falsedoor-stela","BM EA 335",,"formerly Anastasi collection (1839)",30,"Tutankhamun",,,,,,,,,,"British Museum; Collection of Giovanni Anastasi",,
1651,"stela","round-topped stela","2588",,,30,"Tutankhamun",,,,,,,,,,"Museo Egizio",,
1916,"stela","unspecified","345/67",,,30,"Tutankhamun",,,,,,,,,,"Ägyptisches Museum und Papyrussammlung",,
